id;sexe;pseudo;firstname;lastname;description;date_birth;adresse_facturation;adresse_livraison;tel;email;password
1;17974;generating Generic heuristic;program orchid Investment Account;Security;Team-oriented;2021-02-28;index;Auto Loan Account;Cotton;Vidal_Dietrich@hotmail.com;Malta scale deposit
2;80509;indexing Chile;Extended;synthesize mobile;Direct;2021-02-28;Implementation JBOD;Gorgeous Uzbekistan Sum;artificial intelligence;Nyasia58@hotmail.com;withdrawal
3;78548;Specialist copying;protocol;quantifying Handmade;violet Compatible primary;2021-02-28;Yuan Renminbi Algerian Dinar;Accounts Falkland Islands Pound;calculate initiatives Electronics;Chris_Schaden@hotmail.com;invoice Games invoice
4;47201;COM Rhode Island;Handcrafted Auto Loan Account;Rustic white;bypass hacking Christmas Island;2021-02-28;Central African Republic Georgia;Robust ivory Ports;Future;Rhett_Shanahan@yahoo.com;Handcrafted Metrics
5;46921;redefine;Auto Loan Account;Rustic Cotton Table;approach maroon Branding;2021-02-28;Central transmitting;Designer;Ball invoice;Llewellyn_Dickens25@gmail.com;fuchsia transitional
6;68763;Steel black;Small Manat upward-trending;Refined Concrete Chips Buckinghamshire;SAS Kids Future;2021-02-28;parsing;Ramp Latvian Lats;Internal New Leu Licensed;Joshua_Kassulke46@hotmail.com;Chief Gorgeous Fresh Keyboard
7;75355;Cocos (Keeling) Islands scale Checking Account;Maine bypass embrace;Specialist South Carolina indexing;monitor synthesizing salmon;2021-02-27;Gorgeous deliverables Unbranded Soft Bacon;Mouse;transmit;Monte.MacGyver@yahoo.com;microchip fuchsia
8;56106;open-source;generating Freeway needs-based;Saint Helena;Infrastructure Curve Metal;2021-02-28;Loop Car backing up;Data Buckinghamshire;turquoise Specialist;Kendrick43@yahoo.com;Tajikistan
9;72149;Web Minnesota;array Awesome;foreground Refined grey;parsing Philippine Peso;2021-02-28;uniform Buckinghamshire New Mexico;Gorgeous;solid state JSON parsing;Aric_Howell@hotmail.com;quantify
10;12747;leading edge Kiribati parse;Convertible Marks;Assistant Netherlands Antillian Guilder;Music Sao Tome and Principe;2021-02-28;Health Assistant applications;e-tailers;Home Loan Account;Dustin.Zemlak@yahoo.com;Grocery
